order_id,customer_segment,purchase_amount,payment_method,delivery_address_area,sales_note,customer_feedback,revenue_category,payment_type,state,segment_priority,sentiment,sentiment_score,note_category,note_confidence,identified_issues,delivery_area_masked,sales_note_cleaned,feedback_generalized
ORD-2024-001,Enterprise,45000,Bank Transfer,New York NY,First-time client requiring technical consultation,The product exceeded our expectations and integration was smooth,Medium,Transfer,NY,1,POSITIVE,0.9991123080253601,technical_issue,0.5050818920135498,none,NY,First-time client requiring technical consultation,The product exceeded our expectations and integration was smooth
ORD-2024-002,SMB,8500,Credit Card,Los Angeles CA,Repeat customer with good payment history,Delivery was delayed but customer service handled it well,Low,Card,CA,2,POSITIVE,0.997933030128479,customer_relationship,0.7140538692474365,delay,CA,Repeat customer with good payment history,Delivery was delayed but customer service handled it well
ORD-2024-003,Individual,1200,PayPal,Chicago IL,Online purchase through website,Great product but the packaging could be improved,Low,Digital,IL,3,POSITIVE,0.8668179512023926,customer_relationship,0.5415773391723633,improve,IL,Online purchase through website,Great product but the packaging could be improved
ORD-2024-004,Enterprise,67500,Bank Transfer,Houston TX,Large order negotiated with 15% volume discount,Implementation team was very professional and knowledgeable,High,Transfer,TX,1,POSITIVE,0.9996742010116577,pricing_negotiation,0.7797471880912781,none,TX,Large order negotiated with [PERCENTAGE] volume discount,[DEPARTMENT] was very professional and knowledgeable
ORD-2024-005,SMB,12000,Credit Card,Phoenix AZ,Customer requested extended warranty,The software is intuitive but documentation needs improvement,Medium,Card,AZ,2,NEGATIVE,0.991125762462616,customer_relationship,0.622256338596344,improve,AZ,Customer requested extended warranty,The software is intuitive but documentation needs improvement
ORD-2024-006,Individual,850,Credit Card,Philadelphia PA,Customer service escalation due to billing issue,Quick resolution to my problem thanks to the support team,Low,Card,PA,3,POSITIVE,0.9959561228752136,customer_relationship,0.5671606659889221,problem,PA,Customer service escalation due to billing issue,Quick resolution to my problem thanks to the support team
ORD-2024-007,Enterprise,89000,Wire Transfer,San Antonio TX,Multi-year contract with quarterly payments,Excellent ROI and our productivity increased significantly,High,Transfer,TX,1,POSITIVE,0.9997068047523499,customer_relationship,0.29542529582977295,none,TX,Multi-year contract with quarterly payments,Excellent ROI and our productivity increased significantly
ORD-2024-008,SMB,3200,Bank Transfer,San Diego CA,Small business owner looking for cost-effective solution,Perfect fit for our small team but setup was complicated,Low,Transfer,CA,2,NEGATIVE,0.9862990975379944,product_feedback,0.27621862292289734,complicated,CA,Small business owner looking for cost-effective solution,Perfect fit for our small team but setup was complicated
ORD-2024-009,Individual,2400,PayPal,Dallas TX,Gift purchase for corporate client,Beautiful presentation and arrived exactly on time,Low,Digital,TX,3,POSITIVE,0.9998629093170166,customer_relationship,0.7709559202194214,none,TX,Gift purchase for corporate client,Beautiful presentation and arrived exactly on time
ORD-2024-010,Enterprise,125000,Bank Transfer,San Jose CA,Fortune 500 company with strict compliance requirements,The security features meet all our enterprise standards,High,Transfer,CA,1,POSITIVE,0.9963812828063965,product_feedback,0.4230341911315918,none,CA,[COMPANY_ID] company with strict compliance requirements,The security features meet all our enterprise standards
ORD-2024-011,SMB,5600,Credit Card,Austin TX,Startup company with limited budget,Great value for money and scalable for our growth,Low,Card,TX,2,POSITIVE,0.9998003840446472,technical_issue,0.3634259104728699,none,TX,Startup company with limited budget,Great value for money and scalable for our growth
ORD-2024-012,Individual,950,Credit Card,Jacksonville FL,Customer comparison shopping between competitors,Competitive pricing and better features than alternatives,Low,Card,FL,3,POSITIVE,0.9990535378456116,customer_relationship,0.43395450711250305,none,FL,Customer comparison shopping between competitors,Competitive pricing and better features than alternatives
ORD-2024-013,Enterprise,78000,Wire Transfer,Fort Worth TX,Government contract requiring special certifications,Compliance documentation was thorough and well-organized,High,Transfer,TX,1,POSITIVE,0.9998086094856262,technical_issue,0.6802802681922913,none,TX,Government contract requiring special certifications,Compliance documentation was thorough and well-organized
ORD-2024-014,SMB,14500,Bank Transfer,Charlotte NC,Family business transitioning to digital solutions,The training sessions were helpful for our older employees,Medium,Transfer,NC,2,POSITIVE,0.9908550977706909,technical_issue,0.34260308742523193,none,NC,Family business transitioning to digital solutions,The training sessions were helpful for our older employees
ORD-2024-015,Individual,1800,PayPal,Seattle WA,Tech enthusiast interested in latest features,Cutting-edge technology but could use better user interface,Low,Digital,WA,3,NEGATIVE,0.9916011691093445,technical_issue,0.36334875226020813,none,WA,Tech enthusiast interested in latest features,Cutting-edge technology but could use better user interface
ORD-2024-016,Enterprise,92000,Bank Transfer,Denver CO,International client requiring multi-language support,Localization features work perfectly for our global team,High,Transfer,CO,1,POSITIVE,0.9998548030853271,customer_relationship,0.40467989444732666,none,CO,International client requiring multi-language support,Localization features work perfectly for our global team
ORD-2024-017,SMB,6800,Credit Card,Washington DC,Non-profit organization with budget constraints,Appreciated the discount for non-profit organizations,Low,Card,DC,2,POSITIVE,0.9977001547813416,technical_issue,0.356282502412796,none,DC,Non-profit organization with budget constraints,Appreciated the discount for non-profit organizations
ORD-2024-018,Individual,1350,Credit Card,Boston MA,Student purchase with educational discount,Excellent learning tool for my computer science studies,Low,Card,MA,3,POSITIVE,0.999822199344635,customer_relationship,0.5184865593910217,none,MA,Student purchase with educational discount,Excellent learning tool for my computer science studies
ORD-2024-019,Enterprise,156000,Wire Transfer,El Paso TX,Manufacturing company upgrading entire system,Migration from legacy system was smoother than expected,High,Transfer,TX,1,POSITIVE,0.5042520761489868,product_feedback,0.41943955421447754,none,TX,Manufacturing company upgrading entire system,Migration from legacy system was smoother than expected
ORD-2024-020,SMB,9200,PayPal,Nashville TN,Restaurant chain implementing new POS system,User-friendly interface and great customer support,Low,Digital,TN,2,POSITIVE,0.9998412132263184,technical_issue,0.33966174721717834,none,TN,Restaurant chain implementing new POS system,User-friendly interface and great customer support
ORD-2024-021,Individual,780,Credit Card,Memphis TN,First-time buyer hesitant about purchase,Took some time to decide but very satisfied with the product,Low,Card,TN,3,POSITIVE,0.9990252256393433,customer_relationship,0.4077986478805542,none,TN,First-time buyer hesitant about purchase,Took some time to decide but very satisfied with the product
ORD-2024-022,Enterprise,234000,Wire Transfer,Portland OR,Large-scale deployment across multiple locations,Scalability exceeded our expectations for enterprise use,High,Transfer,OR,1,POSITIVE,0.9934856295585632,product_feedback,0.35387465357780457,none,OR,Large-scale deployment across multiple locations,Scalability exceeded our expectations for enterprise use
ORD-2024-023,SMB,7500,Bank Transfer,Oklahoma City OK,Local retail store modernizing operations,Simple integration with existing systems,Low,Transfer,OK,2,POSITIVE,0.9994000196456909,customer_relationship,0.47841042280197144,none,OK,Local retail store modernizing operations,Simple integration with existing systems
ORD-2024-024,Individual,1650,PayPal,Las Vegas NV,Entertainment industry professional,Perfect for creative workflows and collaboration,Low,Digital,NV,3,POSITIVE,0.9998818635940552,product_feedback,0.4559011459350586,none,NV,Entertainment industry professional,Perfect for creative workflows and collaboration
ORD-2024-025,Enterprise,98000,Bank Transfer,Louisville KY,Healthcare provider with strict privacy requirements,HIPAA compliance features work flawlessly,High,Transfer,KY,1,POSITIVE,0.9997594952583313,customer_relationship,0.4123961925506592,none,KY,Healthcare provider with strict privacy requirements,HIPAA compliance features work flawlessly
ORD-2024-026,SMB,4200,Credit Card,Baltimore MD,Construction company needing mobile solution,Rugged design works well in harsh environments,Low,Card,MD,2,POSITIVE,0.9934559464454651,technical_issue,0.5818095207214355,none,MD,Construction company needing mobile solution,Rugged design works well in harsh environments
ORD-2024-027,Individual,1100,Credit Card,Milwaukee WI,Freelancer upgrading home office setup,Affordable option with professional features,Low,Card,WI,3,POSITIVE,0.9990413784980774,customer_relationship,0.3316154479980469,none,WI,Freelancer upgrading home office setup,Affordable option with professional features
ORD-2024-028,Enterprise,187000,Wire Transfer,Albuquerque NM,Energy company with complex infrastructure,Custom configuration met all technical requirements,High,Transfer,NM,1,POSITIVE,0.9965315461158752,technical_issue,0.5012016296386719,none,NM,Energy company with complex infrastructure,Custom configuration met all technical requirements
ORD-2024-029,SMB,11000,Bank Transfer,Tucson AZ,Marketing agency expanding client services,Helps us deliver better results for our clients,Medium,Transfer,AZ,2,POSITIVE,0.9981866478919983,customer_relationship,0.6925137639045715,none,AZ,Marketing agency expanding client services,Helps us deliver better results for our clients
ORD-2024-030,Individual,920,PayPal,Fresno CA,Small business owner working from home,Easy to use and perfect for solo entrepreneurs,Low,Digital,CA,3,POSITIVE,0.999739944934845,customer_relationship,0.3431665301322937,none,CA,Small business owner working from home,Easy to use and perfect for solo entrepreneurs
ORD-2024-031,Enterprise,145000,Bank Transfer,Sacramento CA,Financial services firm with regulatory needs,Audit trail features essential for compliance,High,Transfer,CA,1,POSITIVE,0.9983265995979309,product_feedback,0.4212999641895294,none,CA,Financial services firm with regulatory needs,Audit trail features essential for compliance
ORD-2024-032,SMB,8900,Credit Card,Long Beach CA,E-commerce business scaling operations,Inventory management integration works perfectly,Low,Card,CA,2,POSITIVE,0.999841570854187,customer_relationship,0.4385072886943817,none,CA,E-commerce business scaling operations,Inventory management integration works perfectly
ORD-2024-033,Individual,1480,Credit Card,Kansas City MO,Graphic designer seeking creative tools,Excellent for design work but learning curve is steep,Low,Card,MO,3,NEGATIVE,0.9624923467636108,product_feedback,0.44787129759788513,none,MO,Graphic designer seeking creative tools,Excellent for design work but learning curve is steep
ORD-2024-034,Enterprise,76000,Wire Transfer,Mesa AZ,Transportation company optimizing logistics,Real-time tracking capabilities are game-changing,High,Transfer,AZ,1,POSITIVE,0.9993060827255249,product_feedback,0.46196404099464417,none,AZ,Transportation company optimizing logistics,Real-time tracking capabilities are game-changing
ORD-2024-035,SMB,5800,Bank Transfer,Virginia Beach VA,Tourism business improving customer experience,Customer feedback features help us improve service,Low,Transfer,VA,2,POSITIVE,0.9983921647071838,customer_relationship,0.6051313877105713,improve,VA,Tourism business improving customer experience,Customer feedback features help us improve service
ORD-2024-036,Individual,1320,PayPal,Atlanta GA,Remote worker needing collaboration tools,Great for team communication and file sharing,Low,Digital,GA,3,POSITIVE,0.9998277425765991,technical_issue,0.5954546332359314,none,GA,Remote worker needing collaboration tools,Great for team communication and file sharing
ORD-2024-037,Enterprise,112000,Bank Transfer,Colorado Springs CO,Defense contractor with security requirements,Military-grade encryption meets all standards,High,Transfer,CO,1,POSITIVE,0.9882672429084778,technical_issue,0.388458251953125,none,CO,Defense contractor with security requirements,Military-grade encryption meets all standards
ORD-2024-038,SMB,6700,Credit Card,Omaha NE,Insurance agency digitizing processes,Paperless workflows improved our efficiency dramatically,Low,Card,NE,2,POSITIVE,0.9989445805549622,technical_issue,0.341953843832016,improve,NE,Insurance agency digitizing processes,Paperless workflows improved our efficiency dramatically
ORD-2024-039,Individual,890,Credit Card,Raleigh NC,Student using for research project,Academic features are comprehensive and well-designed,Low,Card,NC,3,POSITIVE,0.9998703002929688,technical_issue,0.4408753514289856,none,NC,Student using for research project,Academic features are comprehensive and well-designed
ORD-2024-040,Enterprise,203000,Wire Transfer,Miami FL,International trading company,Multi-currency support essential for global operations,High,Transfer,FL,1,POSITIVE,0.9979473948478699,customer_relationship,0.4165211617946625,none,FL,International trading company,Multi-currency support essential for global operations
ORD-2024-041,SMB,9800,Bank Transfer,Cleveland OH,Manufacturing firm improving quality control,Statistical analysis tools help track defects,Low,Transfer,OH,2,NEGATIVE,0.9027397632598877,product_feedback,0.6382623314857483,none,OH,Manufacturing firm improving quality control,Statistical analysis tools help track defects
ORD-2024-042,Individual,1590,PayPal,Tampa FL,Content creator expanding online presence,Social media integration saves significant time,Low,Digital,FL,3,NEGATIVE,0.9818722605705261,product_feedback,0.3949912488460541,none,FL,Content creator expanding online presence,Social media integration saves significant time
ORD-2024-043,Enterprise,167000,Bank Transfer,New Orleans LA,Oil refinery modernizing operations,Industrial-grade reliability for 24/7 operations,High,Transfer,LA,1,POSITIVE,0.9804159998893738,product_feedback,0.37502485513687134,none,LA,Oil refinery modernizing operations,Industrial-grade reliability for 24/7 operations
ORD-2024-044,SMB,7200,Credit Card,Wichita KS,Agricultural cooperative managing resources,Weather integration helps with crop planning,Low,Card,KS,2,POSITIVE,0.9969171285629272,product_feedback,0.6226281523704529,none,KS,Agricultural cooperative managing resources,Weather integration helps with crop planning
ORD-2024-045,Individual,1050,Credit Card,Arlington TX,Consultant building client presentations,Template library makes professional presentations easy,Low,Card,TX,3,POSITIVE,0.9943603873252869,customer_relationship,0.6284328699111938,none,TX,Consultant building client presentations,Template library makes professional presentations easy
ORD-2024-046,Enterprise,89500,Wire Transfer,Bakersfield CA,Telecommunications provider upgrading infrastructure,Network monitoring capabilities are excellent,High,Transfer,CA,1,POSITIVE,0.9998185038566589,technical_issue,0.4927751421928406,none,CA,Telecommunications provider upgrading infrastructure,Network monitoring capabilities are excellent
ORD-2024-047,SMB,4900,Bank Transfer,Tampa FL,Real estate agency tracking properties,Property management features streamline operations,Low,Transfer,FL,2,POSITIVE,0.9938309192657471,product_feedback,0.4840340316295624,none,FL,Real estate agency tracking properties,Property management features streamline operations
ORD-2024-048,Individual,1380,PayPal,Honolulu HI,Remote island business connecting globally,Satellite internet compatibility works well,Low,Digital,HI,3,POSITIVE,0.9991276860237122,customer_relationship,0.4293796122074127,none,HI,Remote island business connecting globally,Satellite internet compatibility works well
ORD-2024-049,Enterprise,198000,Bank Transfer,Anaheim CA,Theme park managing visitor experience,Crowd analytics help optimize operations,High,Transfer,CA,1,POSITIVE,0.9965567588806152,customer_relationship,0.7540303468704224,none,CA,Theme park managing visitor experience,Crowd analytics help optimize operations
ORD-2024-050,SMB,10500,Credit Card,Santa Ana CA,Legal practice digitalizing case management,Document security features meet legal requirements,Medium,Card,CA,2,POSITIVE,0.9929119944572449,product_feedback,0.3736635744571686,none,CA,Legal practice digitalizing case management,Document security features meet legal requirements
ORD-2024-051,Individual,760,Credit Card,St. Louis MO,Hobby enthusiast tracking collections,Database features perfect for inventory management,Low,Card,MO,3,POSITIVE,0.9996697902679443,product_feedback,0.4247668385505676,none,MO,Hobby enthusiast tracking collections,Database features perfect for inventory management
ORD-2024-052,Enterprise,134000,Wire Transfer,Riverside CA,University upgrading campus systems,Student information integration works seamlessly,High,Transfer,CA,1,POSITIVE,0.9996703863143921,technical_issue,0.35352736711502075,none,CA,University upgrading campus systems,Student information integration works seamlessly
ORD-2024-053,SMB,8100,Bank Transfer,Corpus Christi TX,Marine services company tracking vessels,GPS integration essential for fleet management,Low,Transfer,TX,2,POSITIVE,0.9813620448112488,customer_relationship,0.38540467619895935,none,TX,Marine services company tracking vessels,GPS integration essential for fleet management
ORD-2024-054,Individual,1720,PayPal,Lexington KY,Equestrian facility managing events,Event scheduling features simplify competition planning,Low,Digital,KY,3,POSITIVE,0.9936046004295349,product_feedback,0.39165744185447693,none,KY,Equestrian facility managing events,Event scheduling features simplify competition planning
ORD-2024-055,Enterprise,176000,Bank Transfer,Stockton CA,Logistics company optimizing routes,AI-powered route optimization saves fuel costs,High,Transfer,CA,1,POSITIVE,0.8762661218643188,product_feedback,0.4117816388607025,none,CA,Logistics company optimizing routes,AI-powered route optimization saves fuel costs
ORD-2024-056,SMB,6300,Credit Card,Cincinnati OH,Brewery managing production schedules,Batch tracking helps maintain quality consistency,Low,Card,OH,2,POSITIVE,0.9987724423408508,product_feedback,0.6455153822898865,none,OH,Brewery managing production schedules,Batch tracking helps maintain quality consistency
ORD-2024-057,Individual,1190,Credit Card,St. Paul MN,Photographer organizing client work,Portfolio management features showcase work beautifully,Low,Card,MN,3,POSITIVE,0.9998455047607422,customer_relationship,0.7472953200340271,none,MN,Photographer organizing client work,Portfolio management features showcase work beautifully
ORD-2024-058,Enterprise,145000,Wire Transfer,Toledo OH,Automotive manufacturer tracking quality,Defect analysis helps improve production processes,High,Transfer,OH,1,POSITIVE,0.9938305020332336,product_feedback,0.7832431197166443,improve,OH,Automotive manufacturer tracking quality,Defect analysis helps improve production processes
ORD-2024-059,SMB,7800,Bank Transfer,Newark NJ,Import/export business managing shipments,Customs documentation features save time,Low,Transfer,NJ,2,POSITIVE,0.8404029607772827,product_feedback,0.4335601031780243,none,NJ,Import/export business managing shipments,Customs documentation features save time
ORD-2024-060,Individual,1410,PayPal,Greensboro NC,Musician managing recording sessions,Audio file organization keeps projects organized,Low,Digital,NC,3,POSITIVE,0.9972833395004272,product_feedback,0.4318264424800873,none,NC,Musician managing recording sessions,Audio file organization keeps projects organized
ORD-2024-061,Enterprise,221000,Bank Transfer,Plano TX,Technology company scaling development,Version control integration essential for teams,High,Transfer,TX,1,POSITIVE,0.9937199354171753,technical_issue,0.4294984042644501,none,TX,Technology company scaling development,Version control integration essential for teams
ORD-2024-062,SMB,5400,Credit Card,Henderson NV,Casino managing customer rewards,Loyalty program features increase customer retention,Low,Card,NV,2,POSITIVE,0.9990563988685608,customer_relationship,0.6501861214637756,none,NV,Casino managing customer rewards,Loyalty program features increase customer retention
ORD-2024-063,Individual,980,Credit Card,Lincoln NE,Teacher creating educational content,Lesson planning features make curriculum development easier,Low,Card,NE,3,POSITIVE,0.9836828112602234,product_feedback,0.4356819689273834,none,NE,Teacher creating educational content,Lesson planning features make curriculum development easier
ORD-2024-064,Enterprise,188000,Wire Transfer,Buffalo NY,Steel manufacturer monitoring production,Real-time alerts prevent equipment failures,High,Transfer,NY,1,NEGATIVE,0.9240559935569763,product_feedback,0.8555324673652649,none,NY,Steel manufacturer monitoring production,Real-time alerts prevent equipment failures
ORD-2024-065,SMB,9100,Bank Transfer,Jersey City NJ,Financial advisor managing client portfolios,Risk analysis tools help protect investments,Low,Transfer,NJ,2,POSITIVE,0.9726855158805847,customer_relationship,0.6024177074432373,none,NJ,Financial advisor managing client portfolios,Risk analysis tools help protect investments
ORD-2024-066,Individual,1540,PayPal,Chula Vista CA,Personal trainer tracking client progress,Fitness metrics integration motivates clients,Low,Digital,CA,3,POSITIVE,0.998674750328064,customer_relationship,0.6250163316726685,none,CA,Personal trainer tracking client progress,Fitness metrics integration motivates clients
ORD-2024-067,Enterprise,156000,Bank Transfer,Orlando FL,Hospital system improving patient care,Electronic health records integration is seamless,High,Transfer,FL,1,POSITIVE,0.9935575127601624,product_feedback,0.4893646538257599,none,FL,Hospital system improving patient care,Electronic health records integration is seamless
ORD-2024-068,SMB,6900,Credit Card,Chandler AZ,Veterinary clinic managing appointments,Pet medical records keep track of treatments,Low,Card,AZ,2,POSITIVE,0.9498195648193359,customer_relationship,0.6508774757385254,none,AZ,Veterinary clinic managing appointments,Pet medical records keep track of treatments
ORD-2024-069,Individual,1230,Credit Card,Laredo TX,Border trade business managing customs,Multilingual support essential for international clients,Low,Card,TX,3,POSITIVE,0.9990457892417908,product_feedback,0.42549070715904236,none,TX,Border trade business managing customs,[DEPARTMENT] essential for international clients
ORD-2024-070,Enterprise,179000,Wire Transfer,Norfolk VA,Navy contractor with security clearance,Classified information handling meets requirements,High,Transfer,VA,1,POSITIVE,0.9912209510803223,customer_relationship,0.3715020716190338,none,VA,Navy contractor with security clearance,Classified information handling meets requirements
ORD-2024-071,SMB,8600,Bank Transfer,Durham NC,Research institute managing grants,Funding tracking helps with budget management,Low,Transfer,NC,2,POSITIVE,0.9846667051315308,product_feedback,0.4517560601234436,none,NC,Research institute managing grants,Funding tracking helps with budget management
ORD-2024-072,Individual,1670,PayPal,Madison WI,Cheese producer tracking inventory,Cold storage monitoring prevents spoilage,Low,Digital,WI,3,NEGATIVE,0.9854841828346252,product_feedback,0.7364838123321533,none,WI,Cheese producer tracking inventory,Cold storage monitoring prevents spoilage
ORD-2024-073,Enterprise,234000,Bank Transfer,Lubbock TX,Wind farm monitoring turbine performance,Predictive maintenance reduces downtime,High,Transfer,TX,1,NEGATIVE,0.7905747890472412,product_feedback,0.557635486125946,none,TX,Wind farm monitoring turbine performance,Predictive maintenance reduces downtime
ORD-2024-074,SMB,7100,Credit Card,Baton Rouge LA,Chemical plant ensuring safety compliance,Hazmat tracking essential for regulatory compliance,Low,Card,LA,2,POSITIVE,0.9161925911903381,product_feedback,0.5738792419433594,none,LA,Chemical plant ensuring safety compliance,Hazmat tracking essential for regulatory compliance
ORD-2024-075,Individual,1080,Credit Card,Akron OH,Rubber manufacturer tracking quality,Material testing integration ensures consistency,Low,Card,OH,3,POSITIVE,0.9996176958084106,product_feedback,0.7962502241134644,none,OH,Rubber manufacturer tracking quality,Material testing integration ensures consistency
ORD-2024-076,Enterprise,167000,Wire Transfer,Huntington Beach CA,Surfboard manufacturer managing custom orders,3D modeling integration visualizes designs,High,Transfer,CA,1,POSITIVE,0.9964359998703003,customer_relationship,0.5567646622657776,none,CA,Surfboard manufacturer managing custom orders,3D modeling integration visualizes designs
ORD-2024-077,SMB,5700,Bank Transfer,Modesto CA,Almond farm tracking harvest data,Weather correlation helps predict yields,Low,Transfer,CA,2,POSITIVE,0.9828650951385498,product_feedback,0.7177661061286926,none,CA,Almond farm tracking harvest data,Weather correlation helps predict yields
ORD-2024-078,Individual,1390,PayPal,Montgomery AL,Civil rights organization managing campaigns,Donor management features track contributions,Low,Digital,AL,3,POSITIVE,0.9974167346954346,product_feedback,0.3626464009284973,none,AL,Civil rights organization managing campaigns,Donor management features track contributions
ORD-2024-079,Enterprise,145000,Bank Transfer,Spokane WA,Aerospace company managing suppliers,Supply chain visibility prevents delays,High,Transfer,WA,1,POSITIVE,0.9442117810249329,product_feedback,0.4552132785320282,delay,WA,Aerospace company managing suppliers,Supply chain visibility prevents delays
ORD-2024-080,SMB,8800,Credit Card,Des Moines IA,Insurance company processing claims,Automated workflows speed up claim processing,Low,Card,IA,2,POSITIVE,0.9931008815765381,customer_relationship,0.3738845884799957,none,IA,Insurance company processing claims,Automated workflows speed up claim processing
ORD-2024-081,Individual,910,Credit Card,Little Rock AR,Farmer managing livestock,Animal health tracking improves herd management,Low,Card,AR,3,POSITIVE,0.9990909099578857,product_feedback,0.6197734475135803,improve,AR,Farmer managing livestock,Animal health tracking improves herd management
ORD-2024-082,Enterprise,198000,Wire Transfer,Augusta GA,Paper mill monitoring environmental impact,Emissions tracking helps meet regulations,High,Transfer,GA,1,POSITIVE,0.9977140426635742,product_feedback,0.5700845122337341,none,GA,Paper mill monitoring environmental impact,Emissions tracking helps meet regulations
ORD-2024-083,SMB,6500,Bank Transfer,Shreveport LA,Oil drilling company tracking equipment,Maintenance scheduling prevents costly failures,Low,Transfer,LA,2,POSITIVE,0.8375842571258545,product_feedback,0.4768543541431427,none,LA,Oil drilling company tracking equipment,Maintenance scheduling prevents costly failures
ORD-2024-084,Individual,1550,PayPal,Salt Lake City UT,Ski resort managing season passes,Weather integration helps with snow reporting,Low,Digital,UT,3,POSITIVE,0.9798753261566162,customer_relationship,0.5908063054084778,none,UT,Ski resort managing season passes,Weather integration helps with snow reporting
ORD-2024-085,Enterprise,189000,Bank Transfer,Huntsville AL,Rocket manufacturer ensuring precision,Quality control integration maintains standards,High,Transfer,AL,1,POSITIVE,0.9969292283058167,product_feedback,0.6061978340148926,none,AL,Rocket manufacturer ensuring precision,Quality control integration maintains standards
ORD-2024-086,SMB,7400,Credit Card,Grand Rapids MI,Furniture manufacturer tracking orders,Custom configuration options satisfy customers,Low,Card,MI,2,POSITIVE,0.9992584586143494,product_feedback,0.5662575364112854,none,MI,Furniture manufacturer tracking orders,Custom configuration options satisfy customers
ORD-2024-087,Individual,1260,Credit Card,Overland Park KS,Landscaper managing client schedules,Seasonal scheduling optimizes work flow,Low,Card,KS,3,POSITIVE,0.9961352348327637,customer_relationship,0.9036850333213806,none,KS,Landscaper managing client schedules,Seasonal scheduling optimizes work flow
ORD-2024-088,Enterprise,156000,Wire Transfer,Knoxville TN,Nuclear plant monitoring safety,Radiation monitoring integration ensures safety,High,Transfer,TN,1,POSITIVE,0.9948207139968872,product_feedback,0.4507405161857605,none,TN,Nuclear plant monitoring safety,Radiation monitoring integration ensures safety
ORD-2024-089,SMB,8300,Bank Transfer,Tallahassee FL,Government contractor managing projects,Budget tracking helps stay within limits,Low,Transfer,FL,2,POSITIVE,0.9897215962409973,product_feedback,0.3949917256832123,none,FL,Government contractor managing projects,Budget tracking helps stay within limits
ORD-2024-090,Individual,1420,PayPal,Worcester MA,Antique dealer managing inventory,Appraisal tracking helps determine values,Low,Digital,MA,3,POSITIVE,0.9983745813369751,product_feedback,0.49495354294776917,none,MA,Antique dealer managing inventory,Appraisal tracking helps determine values
ORD-2024-091,Enterprise,224000,Bank Transfer,Providence RI,Pharmaceutical company tracking trials,Clinical data management meets FDA requirements,High,Transfer,RI,1,POSITIVE,0.9152590036392212,product_feedback,0.7440124750137329,none,RI,Pharmaceutical company tracking trials,Clinical data management meets FDA requirements
ORD-2024-092,SMB,5900,Credit Card,Chattanooga TN,Logistics company optimizing warehouses,Inventory optimization reduces storage costs,Low,Card,TN,2,NEGATIVE,0.9278092384338379,product_feedback,0.6071805357933044,none,TN,Logistics company optimizing warehouses,Inventory optimization reduces storage costs
ORD-2024-093,Individual,1170,Credit Card,Sioux Falls SD,Rancher managing cattle operations,Breeding records help improve genetics,Low,Card,SD,3,POSITIVE,0.9959406852722168,product_feedback,0.5896598100662231,improve,SD,Rancher managing cattle operations,Breeding records help improve genetics
ORD-2024-094,Enterprise,178000,Wire Transfer,Charleston SC,Port authority managing cargo,Container tracking improves efficiency,High,Transfer,SC,1,POSITIVE,0.9995110034942627,product_feedback,0.41726478934288025,improve,SC,Port authority managing cargo,Container tracking improves efficiency
ORD-2024-095,SMB,7600,Bank Transfer,Fargo ND,Grain elevator tracking shipments,Quality testing ensures grade standards,Low,Transfer,ND,2,POSITIVE,0.9992976188659668,product_feedback,0.5157690644264221,none,ND,Grain elevator tracking shipments,Quality testing ensures grade standards
ORD-2024-096,Individual,1330,PayPal,Wilmington DE,Financial services compliance officer,Regulatory reporting features simplify audits,Low,Digital,DE,3,POSITIVE,0.9927377104759216,product_feedback,0.3869591951370239,none,DE,Financial services compliance officer,Regulatory reporting features simplify audits
ORD-2024-097,Enterprise,145000,Bank Transfer,Anchorage AK,Fishing company managing fleet,Weather routing helps avoid storms,High,Transfer,AK,1,POSITIVE,0.9914169907569885,product_feedback,0.37315818667411804,none,AK,Fishing company managing fleet,Weather routing helps avoid storms
ORD-2024-098,SMB,8700,Credit Card,Burlington VT,Maple syrup producer tracking production,Seasonal tracking optimizes production timing,Low,Card,VT,2,POSITIVE,0.9873364567756653,product_feedback,0.8383466005325317,none,VT,Maple syrup producer tracking production,Seasonal tracking optimizes production timing
ORD-2024-099,Individual,1080,Credit Card,Columbia SC,Wedding planner managing events,Vendor coordination features streamline planning,Low,Card,SC,3,POSITIVE,0.898311972618103,product_feedback,0.3445798456668854,none,SC,Wedding planner managing events,Vendor coordination features streamline planning
ORD-2024-100,Enterprise,189000,Wire Transfer,Helena MT,Mining company monitoring safety,Equipment tracking prevents accidents,High,Transfer,MT,1,POSITIVE,0.5856644511222839,product_feedback,0.50974440574646,none,MT,Mining company monitoring safety,Equipment tracking prevents accidents
ORD-2024-101,SMB,6200,Bank Transfer,Pierre SD,Tourism board promoting attractions,Visitor analytics help target marketing,Low,Transfer,SD,2,POSITIVE,0.9709808826446533,product_feedback,0.44081056118011475,none,SD,Tourism board promoting attractions,Visitor analytics help target marketing
ORD-2024-102,Individual,1450,PayPal,Montpelier VT,Craft brewery managing recipes,Ingredient tracking ensures consistent flavor,Low,Digital,VT,3,POSITIVE,0.9998515844345093,product_feedback,0.5914590954780579,none,VT,Craft brewery managing recipes,Ingredient tracking ensures consistent flavor
ORD-2024-103,Enterprise,167000,Bank Transfer,Concord NH,Ski manufacturer testing materials,Quality assurance integration maintains standards,High,Transfer,NH,1,POSITIVE,0.9992009997367859,product_feedback,0.5138254165649414,none,NH,Ski manufacturer testing materials,Quality assurance integration maintains standards
ORD-2024-104,SMB,7900,Credit Card,Trenton NJ,Pharmaceutical distributor tracking inventory,Expiration date monitoring prevents waste,Low,Card,NJ,2,NEGATIVE,0.7072580456733704,product_feedback,0.6080440282821655,none,NJ,Pharmaceutical distributor tracking inventory,Expiration date monitoring prevents waste
ORD-2024-105,Individual,1210,Credit Card,Harrisburg PA,Electrician managing service calls,GPS routing optimizes travel time,Low,Card,PA,3,POSITIVE,0.9795560240745544,technical_issue,0.49818480014801025,none,PA,Electrician managing service calls,GPS routing optimizes travel time
ORD-2024-106,Enterprise,234000,Wire Transfer,Columbus OH,Automotive parts supplier managing orders,Just-in-time delivery integration reduces inventory,High,Transfer,OH,1,NEGATIVE,0.9987493753433228,customer_relationship,0.4710541069507599,none,OH,Automotive parts supplier managing orders,Just-in-time delivery integration reduces inventory
ORD-2024-107,SMB,5800,Bank Transfer,Topeka KS,Agricultural extension office tracking research,Field trial data helps farmers,Low,Transfer,KS,2,POSITIVE,0.9861924052238464,product_feedback,0.6045123934745789,none,KS,Agricultural extension office tracking research,Field trial data helps farmers
ORD-2024-108,Individual,1380,PayPal,Frankfort KY,Bourbon distillery managing aging,Barrel tracking ensures proper aging,Low,Digital,KY,3,NEGATIVE,0.9887927174568176,product_feedback,0.5420969724655151,none,KY,Bourbon distillery managing aging,Barrel tracking ensures proper aging
ORD-2024-109,Enterprise,145000,Bank Transfer,Boise ID,Semiconductor manufacturer monitoring cleanroom,Environmental controls prevent contamination,High,Transfer,ID,1,POSITIVE,0.5931126475334167,product_feedback,0.5897397398948669,none,ID,Semiconductor manufacturer monitoring cleanroom,Environmental controls prevent contamination
ORD-2024-110,SMB,8400,Credit Card,Jackson MS,Catfish farm managing ponds,Water quality monitoring ensures fish health,Low,Card,MS,2,POSITIVE,0.9963744282722473,product_feedback,0.5132678747177124,none,MS,Catfish farm managing ponds,Water quality monitoring ensures fish health
ORD-2024-111,Individual,1090,Credit Card,Jefferson City MO,Winery managing vineyard operations,Harvest timing optimization improves quality,Low,Card,MO,3,POSITIVE,0.9989230036735535,product_feedback,0.5643312931060791,improve,MO,Winery managing vineyard operations,Harvest timing optimization improves quality
ORD-2024-112,Enterprise,198000,Wire Transfer,Springfield IL,Rail company managing freight,Track monitoring prevents derailments,High,Transfer,IL,1,NEGATIVE,0.8622840642929077,pricing_negotiation,0.26403114199638367,none,IL,Rail company managing freight,Track monitoring prevents derailments
ORD-2024-113,SMB,6700,Bank Transfer,Indianapolis IN,Race track managing events,Timing systems ensure accurate results,Low,Transfer,IN,2,POSITIVE,0.9997791647911072,product_feedback,0.40063318610191345,none,IN,Race track managing events,Timing systems ensure accurate results
ORD-2024-114,Individual,1530,PayPal,Lansing MI,Auto mechanic managing repairs,Parts inventory tracking reduces wait times,Low,Digital,MI,3,NEGATIVE,0.5245116353034973,technical_issue,0.5177369117736816,none,MI,Auto mechanic managing repairs,Parts inventory tracking reduces wait times
ORD-2024-115,Enterprise,156000,Bank Transfer,Saint Paul MN,Medical device manufacturer ensuring quality,FDA compliance tracking essential for approval,High,Transfer,MN,1,POSITIVE,0.839738667011261,product_feedback,0.5411655306816101,none,MN,Medical device manufacturer ensuring quality,FDA compliance tracking essential for approval
ORD-2024-116,SMB,7300,Credit Card,Bismarck ND,Wind turbine technician managing maintenance,Predictive analytics reduce downtime,Low,Card,ND,2,NEGATIVE,0.8898931741714478,technical_issue,0.7114943265914917,none,ND,Wind turbine technician managing maintenance,Predictive analytics reduce downtime
ORD-2024-117,Individual,1150,Credit Card,Carson City NV,Gold mining prospector tracking claims,Geological data helps locate deposits,Low,Card,NV,3,POSITIVE,0.9973680377006531,product_feedback,0.36373111605644226,none,NV,Gold mining prospector tracking claims,Geological data helps locate deposits
ORD-2024-118,Enterprise,189000,Wire Transfer,Olympia WA,Aerospace supplier managing contracts,Certification tracking ensures compliance,High,Transfer,WA,1,POSITIVE,0.9988186955451965,customer_relationship,0.4813695251941681,none,WA,Aerospace supplier managing contracts,Certification tracking ensures compliance
ORD-2024-119,SMB,8200,Bank Transfer,Salem OR,Hazmat disposal company tracking waste,Chain of custody documentation required,Low,Transfer,OR,2,POSITIVE,0.9892951846122742,technical_issue,0.2988493740558624,none,OR,Hazmat disposal company tracking waste,Chain of custody documentation required
ORD-2024-120,Individual,1410,PayPal,Richmond VA,Tobacco farmer managing crop rotation,Soil analysis helps optimize yields,Low,Digital,VA,3,POSITIVE,0.9993345141410828,product_feedback,0.6496185660362244,none,VA,Tobacco farmer managing crop rotation,Soil analysis helps optimize yields
ORD-2024-121,Enterprise,167000,Bank Transfer,Charleston WV,Coal mining company monitoring safety,Methane detection prevents explosions,High,Transfer,WV,1,NEGATIVE,0.9865145087242126,product_feedback,0.48108986020088196,none,WV,Coal mining company monitoring safety,Methane detection prevents explosions
ORD-2024-122,SMB,6000,Credit Card,Cheyenne WY,Cattle rancher managing grazing,Pasture rotation optimization improves grass,Low,Card,WY,2,POSITIVE,0.9971022009849548,product_feedback,0.43585875630378723,improve,WY,Cattle rancher managing grazing,Pasture rotation optimization improves grass
ORD-2024-123,Individual,1290,Credit Card,Juneau AK,Fishing charter managing bookings,Weather forecasting helps plan trips,Low,Card,AK,3,POSITIVE,0.9954639077186584,customer_relationship,0.6136674880981445,none,AK,Fishing charter managing bookings,Weather forecasting helps plan trips
ORD-2024-124,Enterprise,234000,Wire Transfer,Phoenix AZ,Solar panel manufacturer tracking efficiency,Performance monitoring validates warranties,High,Transfer,AZ,1,POSITIVE,0.9595699906349182,product_feedback,0.7567737102508545,none,AZ,Solar panel manufacturer tracking efficiency,Performance monitoring validates warranties
ORD-2024-125,SMB,7800,Bank Transfer,Little Rock AR,Rice farmer managing irrigation,Water usage optimization conserves resources,Low,Transfer,AR,2,POSITIVE,0.9720603823661804,technical_issue,0.4286336302757263,none,AR,Rice farmer managing irrigation,Water usage optimization conserves resources
ORD-2024-126,Individual,1180,PayPal,Sacramento CA,Almond processor tracking quality,Moisture content monitoring prevents spoilage,Low,Digital,CA,3,NEGATIVE,0.8755970001220703,product_feedback,0.6940163969993591,none,CA,Almond processor tracking quality,Moisture content monitoring prevents spoilage
ORD-2024-127,Enterprise,145000,Bank Transfer,Hartford CT,Insurance company managing claims,Fraud detection algorithms reduce losses,High,Transfer,CT,1,NEGATIVE,0.9932177662849426,customer_relationship,0.3179902136325836,none,CT,Insurance company managing claims,Fraud detection algorithms reduce losses
ORD-2024-128,SMB,8900,Credit Card,Dover DE,Chicken processing plant ensuring safety,Temperature monitoring prevents contamination,Low,Card,DE,2,POSITIVE,0.6701952219009399,product_feedback,0.5801675915718079,none,DE,Chicken processing plant ensuring safety,Temperature monitoring prevents contamination
ORD-2024-129,Individual,1350,Credit Card,Tallahassee FL,Citrus grower managing harvest,Ripeness tracking optimizes picking timing,Low,Card,FL,3,POSITIVE,0.9949018955230713,product_feedback,0.5303633809089661,none,FL,Citrus grower managing harvest,Ripeness tracking optimizes picking timing
ORD-2024-130,Enterprise,178000,Wire Transfer,Atlanta GA,Airline managing maintenance,Parts tracking ensures flight safety,High,Transfer,GA,1,POSITIVE,0.9990509152412415,technical_issue,0.7086674571037292,none,GA,Airline managing maintenance,Parts tracking ensures flight safety
ORD-2024-131,SMB,6400,Bank Transfer,Honolulu HI,Pineapple plantation managing exports,Container tracking ensures freshness,Low,Transfer,HI,2,POSITIVE,0.9997724890708923,product_feedback,0.5191259980201721,none,HI,Pineapple plantation managing exports,Container tracking ensures freshness
ORD-2024-132,Individual,1480,PayPal,Boise ID,Potato farmer managing storage,Temperature control prevents sprouting,Low,Digital,ID,3,NEGATIVE,0.9884699583053589,product_feedback,0.5457460284233093,none,ID,Potato farmer managing storage,Temperature control prevents sprouting
ORD-2024-133,Enterprise,189000,Bank Transfer,Springfield IL,Pharmaceutical company tracking distribution,Cold chain monitoring ensures efficacy,High,Transfer,IL,1,POSITIVE,0.9984586238861084,product_feedback,0.6974517703056335,none,IL,Pharmaceutical company tracking distribution,Cold chain monitoring ensures efficacy
ORD-2024-134,SMB,7100,Credit Card,Indianapolis IN,Grain elevator managing quality,Moisture testing ensures grade standards,Low,Card,IN,2,POSITIVE,0.9987383484840393,product_feedback,0.6041368842124939,none,IN,Grain elevator managing quality,Moisture testing ensures grade standards
ORD-2024-135,Individual,1120,Credit Card,Des Moines IA,Corn farmer managing yields,Satellite imagery helps optimize planting,Low,Card,IA,3,POSITIVE,0.9979482293128967,product_feedback,0.6520514488220215,none,IA,Corn farmer managing yields,Satellite imagery helps optimize planting
ORD-2024-136,Enterprise,156000,Wire Transfer,Topeka KS,Wheat processor tracking shipments,Protein content analysis ensures quality,High,Transfer,KS,1,POSITIVE,0.999652624130249,product_feedback,0.6273795962333679,none,KS,Wheat processor tracking shipments,Protein content analysis ensures quality
ORD-2024-137,SMB,8500,Bank Transfer,Frankfort KY,Bourbon warehouse managing inventory,Aging process tracking ensures quality,Low,Transfer,KY,2,POSITIVE,0.9563247561454773,product_feedback,0.48871326446533203,none,KY,Bourbon warehouse managing inventory,Aging process tracking ensures quality
ORD-2024-138,Individual,1390,PayPal,Baton Rouge LA,Sugarcane farmer managing harvest,Sugar content testing optimizes processing,Low,Digital,LA,3,POSITIVE,0.9614548683166504,product_feedback,0.5518885850906372,none,LA,Sugarcane farmer managing harvest,Sugar content testing optimizes processing
ORD-2024-139,Enterprise,167000,Bank Transfer,Augusta ME,Lobster processor managing exports,Freshness tracking ensures quality,High,Transfer,ME,1,POSITIVE,0.9998385906219482,product_feedback,0.3226530849933624,none,ME,Lobster processor managing exports,Freshness tracking ensures quality
ORD-2024-140,SMB,6800,Credit Card,Annapolis MD,Crab fishing operation managing boats,Weather routing ensures crew safety,Low,Card,MD,2,POSITIVE,0.9973651766777039,product_feedback,0.43769678473472595,none,MD,Crab fishing operation managing boats,Weather routing ensures crew safety
ORD-2024-141,Individual,1250,Credit Card,Boston MA,Cranberry grower managing bogs,Water level monitoring optimizes growing,Low,Card,MA,3,POSITIVE,0.9955400824546814,product_feedback,0.49091020226478577,none,MA,Cranberry grower managing bogs,Water level monitoring optimizes growing
ORD-2024-142,Enterprise,234000,Wire Transfer,Lansing MI,Automotive manufacturer tracking recalls,Quality control integration prevents defects,High,Transfer,MI,1,POSITIVE,0.9551940560340881,product_feedback,0.40537384152412415,none,MI,Automotive manufacturer tracking recalls,Quality control integration prevents defects
ORD-2024-143,SMB,7600,Bank Transfer,Saint Paul MN,Dairy farm managing milk production,Cow health monitoring improves yields,Low,Transfer,MN,2,POSITIVE,0.9984911680221558,product_feedback,0.6897221207618713,improve,MN,Dairy farm managing milk production,Cow health monitoring improves yields
ORD-2024-144,Individual,1170,PayPal,Jackson MS,Catfish processor managing quality,Water temperature tracking ensures health,Low,Digital,MS,3,POSITIVE,0.9991374015808105,product_feedback,0.4781220257282257,none,MS,Catfish processor managing quality,Water temperature tracking ensures health
ORD-2024-145,Enterprise,145000,Bank Transfer,Jefferson City MO,Aerospace company managing suppliers,Certification tracking ensures compliance,High,Transfer,MO,1,POSITIVE,0.9988186955451965,product_feedback,0.4552132785320282,none,MO,Aerospace company managing suppliers,Certification tracking ensures compliance
ORD-2024-146,SMB,8300,Credit Card,Helena MT,Copper mine managing extraction,Ore grade analysis optimizes processing,Low,Card,MT,2,POSITIVE,0.9945047497749329,product_feedback,0.41295990347862244,none,MT,Copper mine managing extraction,Ore grade analysis optimizes processing
ORD-2024-147,Individual,1430,Credit Card,Lincoln NE,Beef processor managing inventory,Temperature monitoring prevents spoilage,Low,Card,NE,3,NEGATIVE,0.9367560148239136,product_feedback,0.591671884059906,none,NE,Beef processor managing inventory,Temperature monitoring prevents spoilage
ORD-2024-148,Enterprise,189000,Wire Transfer,Carson City NV,Lithium mine managing production,Battery grade specifications ensure quality,High,Transfer,NV,1,POSITIVE,0.9991626739501953,product_feedback,0.5894164443016052,none,NV,Lithium mine managing production,Battery grade specifications ensure quality
ORD-2024-149,SMB,6600,Bank Transfer,Concord NH,Maple syrup producer tracking seasons,Sap flow monitoring optimizes collection,Low,Transfer,NH,2,POSITIVE,0.5265149474143982,product_feedback,0.7857544422149658,none,NH,Maple syrup producer tracking seasons,Sap flow monitoring optimizes collection
ORD-2024-150,Individual,1310,PayPal,Trenton NJ,Blueberry farm managing harvest,Ripeness detection optimizes picking,Low,Digital,NJ,3,POSITIVE,0.9961903095245361,product_feedback,0.5213718414306641,none,NJ,Blueberry farm managing harvest,Ripeness detection optimizes picking
ORD-2024-151,Enterprise,178000,Bank Transfer,Santa Fe NM,Semiconductor fab managing cleanroom,Particle monitoring prevents contamination,High,Transfer,NM,1,POSITIVE,0.8452479243278503,product_feedback,0.4273340702056885,none,NM,Semiconductor fab managing cleanroom,Particle monitoring prevents contamination
ORD-2024-152,SMB,7400,Credit Card,Albany NY,Wine producer managing fermentation,Temperature control ensures proper aging,Low,Card,NY,2,POSITIVE,0.7484538555145264,product_feedback,0.7449654936790466,none,NY,Wine producer managing fermentation,Temperature control ensures proper aging
ORD-2024-153,Individual,1090,Credit Card,Raleigh NC,Tobacco processor managing curing,Humidity control prevents mold,Low,Card,NC,3,POSITIVE,0.8364050984382629,product_feedback,0.5299826860427856,none,NC,Tobacco processor managing curing,Humidity control prevents mold
ORD-2024-154,Enterprise,156000,Wire Transfer,Bismarck ND,Oil refinery monitoring processes,Safety systems prevent accidents,High,Transfer,ND,1,POSITIVE,0.6010724306106567,product_feedback,0.5719306468963623,none,ND,Oil refinery monitoring processes,Safety systems prevent accidents
ORD-2024-155,SMB,8100,Bank Transfer,Columbus OH,Steel mill managing production,Quality control ensures strength standards,Low,Transfer,OH,2,POSITIVE,0.9997819066047668,product_feedback,0.7776871919631958,none,OH,Steel mill managing production,Quality control ensures strength standards
ORD-2024-156,Individual,1540,PayPal,Oklahoma City OK,Cattle rancher managing breeding,Genetic tracking improves herd quality,Low,Digital,OK,3,POSITIVE,0.9993164539337158,product_feedback,0.6350187063217163,improve,OK,Cattle rancher managing breeding,Genetic tracking improves herd quality
ORD-2024-157,Enterprise,167000,Bank Transfer,Salem OR,Timber company managing harvests,Sustainability tracking ensures replanting,High,Transfer,OR,1,POSITIVE,0.9983087778091431,product_feedback,0.33537790179252625,none,OR,Timber company managing harvests,Sustainability tracking ensures replanting
ORD-2024-158,SMB,6300,Credit Card,Harrisburg PA,Mushroom farm managing growing,Climate control optimizes production,Low,Card,PA,2,POSITIVE,0.9959190487861633,product_feedback,0.5028709769248962,none,PA,Mushroom farm managing growing,Climate control optimizes production
ORD-2024-159,Individual,1220,Credit Card,Providence RI,Seafood processor managing freshness,Temperature monitoring prevents spoilage,Low,Card,RI,3,NEGATIVE,0.9367560148239136,technical_issue,0.5477490425109863,none,RI,Seafood processor managing freshness,Temperature monitoring prevents spoilage
ORD-2024-160,Enterprise,234000,Wire Transfer,Pierre SD,Wind farm managing turbines,Performance monitoring maximizes output,High,Transfer,SD,1,POSITIVE,0.9945539236068726,product_feedback,0.4435045123100281,none,SD,Wind farm managing turbines,Performance monitoring maximizes output
ORD-2024-161,SMB,7700,Bank Transfer,Nashville TN,Whiskey distillery managing aging,Barrel rotation ensures consistent flavor,Low,Transfer,TN,2,POSITIVE,0.9998445510864258,product_feedback,0.500920295715332,none,TN,Whiskey distillery managing aging,Barrel rotation ensures consistent flavor
ORD-2024-162,Individual,1380,PayPal,Austin TX,Honey producer managing hives,Bee health monitoring prevents colony collapse,Low,Digital,TX,3,NEGATIVE,0.9466033577919006,product_feedback,0.6961934566497803,none,TX,Honey producer managing hives,Bee health monitoring prevents colony collapse
ORD-2024-163,Enterprise,145000,Bank Transfer,Salt Lake City UT,Copper smelter managing emissions,Environmental monitoring ensures compliance,High,Transfer,UT,1,POSITIVE,0.9980851411819458,product_feedback,0.43057048320770264,none,UT,Copper smelter managing emissions,Environmental monitoring ensures compliance
ORD-2024-164,SMB,8600,Credit Card,Montpelier VT,Cheese producer managing aging,Humidity control prevents spoilage,Low,Card,VT,2,POSITIVE,0.8745209574699402,product_feedback,0.634147584438324,none,VT,Cheese producer managing aging,Humidity control prevents spoilage
ORD-2024-165,Individual,1160,Credit Card,Richmond VA,Peanut processor managing quality,Aflatoxin testing prevents contamination,Low,Card,VA,3,POSITIVE,0.6517724990844727,product_feedback,0.5377318263053894,none,VA,Peanut processor managing quality,Aflatoxin testing prevents contamination
ORD-2024-166,Enterprise,189000,Wire Transfer,Olympia WA,Aluminum smelter managing energy,Power usage optimization reduces costs,High,Transfer,WA,1,NEGATIVE,0.7489862442016602,technical_issue,0.4736168384552002,none,WA,Aluminum smelter managing energy,Power usage optimization reduces costs
ORD-2024-167,SMB,6900,Bank Transfer,Charleston WV,Natural gas company managing pipelines,Pressure monitoring prevents leaks,Low,Transfer,WV,2,POSITIVE,0.91050124168396,product_feedback,0.49092942476272583,none,WV,Natural gas company managing pipelines,Pressure monitoring prevents leaks
ORD-2024-168,Individual,1470,PayPal,Madison WI,Dairy processor managing quality,Pasteurization monitoring ensures safety,Low,Digital,WI,3,POSITIVE,0.9773654937744141,product_feedback,0.5492100119590759,none,WI,Dairy processor managing quality,Pasteurization monitoring ensures safety
ORD-2024-169,Enterprise,178000,Bank Transfer,Cheyenne WY,Uranium mine managing safety,Radiation monitoring protects workers,High,Transfer,WY,1,POSITIVE,0.9304720163345337,technical_issue,0.4933958947658539,none,WY,Uranium mine managing safety,Radiation monitoring protects workers
ORD-2024-170,SMB,7200,Credit Card,Montgomery AL,Cotton gin managing processing,Fiber quality testing ensures grade,Low,Card,AL,2,POSITIVE,0.998836100101471,technical_issue,0.5138525366783142,none,AL,Cotton gin managing processing,Fiber quality testing ensures grade
ORD-2024-171,Individual,1130,Credit Card,Juneau AK,Salmon processor managing seasons,Run timing data optimizes processing,Low,Card,AK,3,POSITIVE,0.9407075643539429,product_feedback,0.5091051459312439,none,AK,Salmon processor managing seasons,Run timing data optimizes processing
ORD-2024-172,Enterprise,156000,Wire Transfer,Little Rock AR,Bauxite mine managing extraction,Ore quality analysis optimizes processing,High,Transfer,AR,1,POSITIVE,0.9957885146141052,product_feedback,0.45459967851638794,none,AR,Bauxite mine managing extraction,Ore quality analysis optimizes processing
ORD-2024-173,SMB,8800,Bank Transfer,Phoenix AZ,Citrus processor managing juice,Vitamin C content testing ensures nutrition,Low,Transfer,AZ,2,POSITIVE,0.9979279041290283,product_feedback,0.6216263175010681,none,AZ,Citrus processor managing juice,Vitamin C content testing ensures nutrition
ORD-2024-174,Individual,1350,PayPal,Sacramento CA,Almond hulling operation managing waste,Biomass tracking optimizes energy use,Low,Digital,CA,3,POSITIVE,0.9932643175125122,technical_issue,0.47721195220947266,none,CA,Almond hulling operation managing waste,Biomass tracking optimizes energy use
ORD-2024-175,Enterprise,167000,Bank Transfer,Denver CO,Aerospace parts manufacturer managing quality,Precision measurement ensures specifications,High,Transfer,CO,1,POSITIVE,0.9995013475418091,product_feedback,0.5041975975036621,none,CO,Aerospace parts manufacturer managing quality,Precision measurement ensures specifications
ORD-2024-176,SMB,6500,Credit Card,Hartford CT,Helicopter maintenance managing parts,Inventory tracking prevents groundings,Low,Card,CT,2,NEGATIVE,0.9914695620536804,technical_issue,0.7064610719680786,none,CT,Helicopter maintenance managing parts,Inventory tracking prevents groundings
ORD-2024-177,Individual,1280,Credit Card,Dover DE,Soybean processor managing oil,Extraction efficiency monitoring maximizes yield,Low,Card,DE,3,POSITIVE,0.9974629878997803,product_feedback,0.4517000615596771,none,DE,Soybean processor managing oil,Extraction efficiency monitoring maximizes yield
ORD-2024-178,Enterprise,234000,Wire Transfer,Tallahassee FL,Space launch company managing missions,Weather monitoring ensures launch safety,High,Transfer,FL,1,POSITIVE,0.9963654279708862,customer_relationship,0.39278554916381836,none,FL,Space launch company managing missions,Weather monitoring ensures launch safety
ORD-2024-179,SMB,7500,Bank Transfer,Atlanta GA,Peach processor managing seasonal,Ripeness detection optimizes processing,Low,Transfer,GA,2,POSITIVE,0.997481644153595,product_feedback,0.5835226774215698,none,GA,Peach processor managing seasonal,Ripeness detection optimizes processing
ORD-2024-180,Individual,1410,PayPal,Boise ID,Hop grower managing harvest,Alpha acid testing ensures brewing quality,Low,Digital,ID,3,POSITIVE,0.9989940524101257,product_feedback,0.39724060893058777,none,ID,Hop grower managing harvest,Alpha acid testing ensures brewing quality
ORD-2024-181,Enterprise,145000,Bank Transfer,Springfield IL,Corn processor managing ethanol,Fermentation monitoring optimizes production,High,Transfer,IL,1,POSITIVE,0.9805106520652771,product_feedback,0.6301389932632446,none,IL,Corn processor managing ethanol,Fermentation monitoring optimizes production
ORD-2024-182,SMB,8200,Credit Card,Indianapolis IN,Limestone quarry managing extraction,Aggregate quality testing ensures construction standards,Low,Card,IN,2,POSITIVE,0.9980358481407166,technical_issue,0.4823164641857147,none,IN,Limestone quarry managing extraction,Aggregate quality testing ensures construction standards
ORD-2024-183,Individual,1190,Credit Card,Des Moines IA,Pig farmer managing health,Vaccination tracking prevents disease,Low,Card,IA,3,NEGATIVE,0.7490018606185913,product_feedback,0.6689218878746033,none,IA,Pig farmer managing health,Vaccination tracking prevents disease
ORD-2024-184,Enterprise,189000,Wire Transfer,Topeka KS,Flour mill managing processing,Protein content analysis ensures baking quality,High,Transfer,KS,1,POSITIVE,0.9993184804916382,product_feedback,0.5970574021339417,none,KS,Flour mill managing processing,Protein content analysis ensures baking quality
ORD-2024-185,SMB,6700,Bank Transfer,Frankfort KY,Coal preparation plant managing quality,Ash content analysis ensures power plant specs,Low,Transfer,KY,2,POSITIVE,0.9766613841056824,technical_issue,0.47238972783088684,none,KY,Coal preparation plant managing quality,Ash content analysis ensures power plant specs
ORD-2024-186,Individual,1520,PayPal,Baton Rouge LA,Crawfish farm managing ponds,Water quality monitoring ensures survival,Low,Digital,LA,3,POSITIVE,0.998770534992218,product_feedback,0.4525461196899414,none,LA,Crawfish farm managing ponds,Water quality monitoring ensures survival
ORD-2024-187,Enterprise,178000,Bank Transfer,Augusta ME,Paper mill managing fiber,Consistency monitoring ensures paper quality,High,Transfer,ME,1,POSITIVE,0.9956942796707153,product_feedback,0.6204795241355896,none,ME,Paper mill managing fiber,Consistency monitoring ensures paper quality
ORD-2024-188,SMB,7300,Credit Card,Annapolis MD,Oyster farm managing harvest,Salinity monitoring optimizes growing,Low,Card,MD,2,POSITIVE,0.9779596328735352,product_feedback,0.36670875549316406,none,MD,Oyster farm managing harvest,Salinity monitoring optimizes growing
ORD-2024-189,Individual,1070,Credit Card,Boston MA,Scallop processor managing freshness,Shucking efficiency tracking maximizes yield,Low,Card,MA,3,POSITIVE,0.9945808053016663,technical_issue,0.6129107475280762,none,MA,Scallop processor managing freshness,Shucking efficiency tracking maximizes yield
ORD-2024-190,Enterprise,156000,Wire Transfer,Lansing MI,Tire manufacturer managing compounds,Durability testing ensures safety standards,High,Transfer,MI,1,POSITIVE,0.9966378211975098,product_feedback,0.48667922616004944,none,MI,Tire manufacturer managing compounds,Durability testing ensures safety standards
ORD-2024-191,SMB,8400,Bank Transfer,Saint Paul MN,Ethanol plant managing production,Distillation monitoring optimizes purity,Low,Transfer,MN,2,POSITIVE,0.9941353797912598,product_feedback,0.7385331988334656,none,MN,Ethanol plant managing production,Distillation monitoring optimizes purity
ORD-2024-192,Individual,1330,PayPal,Jackson MS,Aquaculture farm managing fish,Feed conversion tracking optimizes growth,Low,Digital,MS,3,POSITIVE,0.9974644184112549,product_feedback,0.5232681632041931,none,MS,Aquaculture farm managing fish,Feed conversion tracking optimizes growth
ORD-2024-193,Enterprise,167000,Bank Transfer,Jefferson City MO,Lead smelter managing emissions,Environmental monitoring ensures compliance,High,Transfer,MO,1,POSITIVE,0.9980851411819458,product_feedback,0.3908633887767792,none,MO,Lead smelter managing emissions,Environmental monitoring ensures compliance
ORD-2024-194,SMB,6800,Credit Card,Helena MT,Talc mine managing processing,Particle size analysis ensures cosmetic grade,Low,Card,MT,2,POSITIVE,0.9913781881332397,technical_issue,0.48760804533958435,none,MT,Talc mine managing processing,Particle size analysis ensures cosmetic grade
ORD-2024-195,Individual,1450,Credit Card,Lincoln NE,Sunflower processor managing oil,Extraction temperature monitoring optimizes quality,Low,Card,NE,3,POSITIVE,0.9957125186920166,product_feedback,0.5157938003540039,none,NE,Sunflower processor managing oil,Extraction temperature monitoring optimizes quality
ORD-2024-196,Enterprise,234000,Wire Transfer,Carson City NV,Geothermal plant managing energy,Steam pressure monitoring optimizes output,High,Transfer,NV,1,POSITIVE,0.9571636319160461,product_feedback,0.5137049555778503,none,NV,Geothermal plant managing energy,Steam pressure monitoring optimizes output
ORD-2024-197,SMB,7600,Bank Transfer,Concord NH,Granite quarry managing extraction,Compressive strength testing ensures construction grade,Low,Transfer,NH,2,POSITIVE,0.9893084168434143,technical_issue,0.4617520868778229,none,NH,Granite quarry managing extraction,Compressive strength testing ensures construction grade
ORD-2024-198,Individual,1240,PayPal,Trenton NJ,Herb processor managing drying,Moisture content monitoring prevents mold,Low,Digital,NJ,3,NEGATIVE,0.9446454048156738,technical_issue,0.5029816031455994,none,NJ,Herb processor managing drying,Moisture content monitoring prevents mold
ORD-2024-199,Enterprise,145000,Bank Transfer,Santa Fe NM,Rare earth mine managing separation,Purity analysis ensures electronics grade,High,Transfer,NM,1,POSITIVE,0.9980620741844177,technical_issue,0.6214628219604492,none,NM,Rare earth mine managing separation,Purity analysis ensures electronics grade
ORD-2024-200,SMB,8700,Credit Card,Albany NY,Cement plant managing production,Chemical composition monitoring ensures strength standards,Low,Card,NY,2,POSITIVE,0.9994146823883057,product_feedback,0.7337459921836853,none,NY,Cement plant managing production,Chemical composition monitoring ensures strength standards
