order_id,customer_segment,purchase_amount,payment_method,delivery_address_area,sales_note,customer_feedback
ORD-2024-001,Enterprise,45000,Bank Transfer,New York NY,First-time client requiring technical consultation,The product exceeded our expectations and integration was smooth
ORD-2024-002,SMB,8500,Credit Card,Los Angeles CA,Repeat customer with good payment history,Delivery was delayed but customer service handled it well
ORD-2024-003,Individual,1200,PayPal,Chicago IL,Online purchase through website,Great product but the packaging could be improved
ORD-2024-004,Enterprise,67500,Bank Transfer,Houston TX,Large order negotiated with 15% volume discount,Implementation team was very professional and knowledgeable
ORD-2024-005,SMB,12000,Credit Card,Phoenix AZ,Customer requested extended warranty,The software is intuitive but documentation needs improvement
ORD-2024-006,Individual,850,Credit Card,Philadelphia PA,Customer service escalation due to billing issue,Quick resolution to my problem thanks to the support team
ORD-2024-007,Enterprise,89000,Wire Transfer,San Antonio TX,Multi-year contract with quarterly payments,Excellent ROI and our productivity increased significantly
ORD-2024-008,SMB,3200,Bank Transfer,San Diego CA,Small business owner looking for cost-effective solution,Perfect fit for our small team but setup was complicated
ORD-2024-009,Individual,2400,PayPal,Dallas TX,Gift purchase for corporate client,Beautiful presentation and arrived exactly on time
ORD-2024-010,Enterprise,125000,Bank Transfer,San Jose CA,Fortune 500 company with strict compliance requirements,The security features meet all our enterprise standards
ORD-2024-011,SMB,5600,Credit Card,Austin TX,Startup company with limited budget,Great value for money and scalable for our growth
ORD-2024-012,Individual,950,Credit Card,Jacksonville FL,Customer comparison shopping between competitors,Competitive pricing and better features than alternatives
ORD-2024-013,Enterprise,78000,Wire Transfer,Fort Worth TX,Government contract requiring special certifications,Compliance documentation was thorough and well-organized
ORD-2024-014,SMB,14500,Bank Transfer,Charlotte NC,Family business transitioning to digital solutions,The training sessions were helpful for our older employees
ORD-2024-015,Individual,1800,PayPal,Seattle WA,Tech enthusiast interested in latest features,Cutting-edge technology but could use better user interface
ORD-2024-016,Enterprise,92000,Bank Transfer,Denver CO,International client requiring multi-language support,Localization features work perfectly for our global team
ORD-2024-017,SMB,6800,Credit Card,Washington DC,Non-profit organization with budget constraints,Appreciated the discount for non-profit organizations
ORD-2024-018,Individual,1350,Credit Card,Boston MA,Student purchase with educational discount,Excellent learning tool for my computer science studies
ORD-2024-019,Enterprise,156000,Wire Transfer,El Paso TX,Manufacturing company upgrading entire system,Migration from legacy system was smoother than expected
ORD-2024-020,SMB,9200,PayPal,Nashville TN,Restaurant chain implementing new POS system,User-friendly interface and great customer support
ORD-2024-021,Individual,780,Credit Card,Memphis TN,First-time buyer hesitant about purchase,Took some time to decide but very satisfied with the product
ORD-2024-022,Enterprise,234000,Wire Transfer,Portland OR,Large-scale deployment across multiple locations,Scalability exceeded our expectations for enterprise use
ORD-2024-023,SMB,7500,Bank Transfer,Oklahoma City OK,Local retail store modernizing operations,Simple integration with existing systems
ORD-2024-024,Individual,1650,PayPal,Las Vegas NV,Entertainment industry professional,Perfect for creative workflows and collaboration
ORD-2024-025,Enterprise,98000,Bank Transfer,Louisville KY,Healthcare provider with strict privacy requirements,HIPAA compliance features work flawlessly
ORD-2024-026,SMB,4200,Credit Card,Baltimore MD,Construction company needing mobile solution,Rugged design works well in harsh environments
ORD-2024-027,Individual,1100,Credit Card,Milwaukee WI,Freelancer upgrading home office setup,Affordable option with professional features
ORD-2024-028,Enterprise,187000,Wire Transfer,Albuquerque NM,Energy company with complex infrastructure,Custom configuration met all technical requirements
ORD-2024-029,SMB,11000,Bank Transfer,Tucson AZ,Marketing agency expanding client services,Helps us deliver better results for our clients
ORD-2024-030,Individual,920,PayPal,Fresno CA,Small business owner working from home,Easy to use and perfect for solo entrepreneurs
ORD-2024-031,Enterprise,145000,Bank Transfer,Sacramento CA,Financial services firm with regulatory needs,Audit trail features essential for compliance
ORD-2024-032,SMB,8900,Credit Card,Long Beach CA,E-commerce business scaling operations,Inventory management integration works perfectly
ORD-2024-033,Individual,1480,Credit Card,Kansas City MO,Graphic designer seeking creative tools,Excellent for design work but learning curve is steep
ORD-2024-034,Enterprise,76000,Wire Transfer,Mesa AZ,Transportation company optimizing logistics,Real-time tracking capabilities are game-changing
ORD-2024-035,SMB,5800,Bank Transfer,Virginia Beach VA,Tourism business improving customer experience,Customer feedback features help us improve service
ORD-2024-036,Individual,1320,PayPal,Atlanta GA,Remote worker needing collaboration tools,Great for team communication and file sharing
ORD-2024-037,Enterprise,112000,Bank Transfer,Colorado Springs CO,Defense contractor with security requirements,Military-grade encryption meets all standards
ORD-2024-038,SMB,6700,Credit Card,Omaha NE,Insurance agency digitizing processes,Paperless workflows improved our efficiency dramatically
ORD-2024-039,Individual,890,Credit Card,Raleigh NC,Student using for research project,Academic features are comprehensive and well-designed
ORD-2024-040,Enterprise,203000,Wire Transfer,Miami FL,International trading company,Multi-currency support essential for global operations
ORD-2024-041,SMB,9800,Bank Transfer,Cleveland OH,Manufacturing firm improving quality control,Statistical analysis tools help track defects
ORD-2024-042,Individual,1590,PayPal,Tampa FL,Content creator expanding online presence,Social media integration saves significant time
ORD-2024-043,Enterprise,167000,Bank Transfer,New Orleans LA,Oil refinery modernizing operations,Industrial-grade reliability for 24/7 operations
ORD-2024-044,SMB,7200,Credit Card,Wichita KS,Agricultural cooperative managing resources,Weather integration helps with crop planning
ORD-2024-045,Individual,1050,Credit Card,Arlington TX,Consultant building client presentations,Template library makes professional presentations easy
ORD-2024-046,Enterprise,89500,Wire Transfer,Bakersfield CA,Telecommunications provider upgrading infrastructure,Network monitoring capabilities are excellent
ORD-2024-047,SMB,4900,Bank Transfer,Tampa FL,Real estate agency tracking properties,Property management features streamline operations
ORD-2024-048,Individual,1380,PayPal,Honolulu HI,Remote island business connecting globally,Satellite internet compatibility works well
ORD-2024-049,Enterprise,198000,Bank Transfer,Anaheim CA,Theme park managing visitor experience,Crowd analytics help optimize operations
ORD-2024-050,SMB,10500,Credit Card,Santa Ana CA,Legal practice digitalizing case management,Document security features meet legal requirements
ORD-2024-051,Individual,760,Credit Card,St. Louis MO,Hobby enthusiast tracking collections,Database features perfect for inventory management
ORD-2024-052,Enterprise,134000,Wire Transfer,Riverside CA,University upgrading campus systems,Student information integration works seamlessly
ORD-2024-053,SMB,8100,Bank Transfer,Corpus Christi TX,Marine services company tracking vessels,GPS integration essential for fleet management
ORD-2024-054,Individual,1720,PayPal,Lexington KY,Equestrian facility managing events,Event scheduling features simplify competition planning
ORD-2024-055,Enterprise,176000,Bank Transfer,Stockton CA,Logistics company optimizing routes,AI-powered route optimization saves fuel costs
ORD-2024-056,SMB,6300,Credit Card,Cincinnati OH,Brewery managing production schedules,Batch tracking helps maintain quality consistency
ORD-2024-057,Individual,1190,Credit Card,St. Paul MN,Photographer organizing client work,Portfolio management features showcase work beautifully
ORD-2024-058,Enterprise,145000,Wire Transfer,Toledo OH,Automotive manufacturer tracking quality,Defect analysis helps improve production processes
ORD-2024-059,SMB,7800,Bank Transfer,Newark NJ,Import/export business managing shipments,Customs documentation features save time
ORD-2024-060,Individual,1410,PayPal,Greensboro NC,Musician managing recording sessions,Audio file organization keeps projects organized
ORD-2024-061,Enterprise,221000,Bank Transfer,Plano TX,Technology company scaling development,Version control integration essential for teams
ORD-2024-062,SMB,5400,Credit Card,Henderson NV,Casino managing customer rewards,Loyalty program features increase customer retention
ORD-2024-063,Individual,980,Credit Card,Lincoln NE,Teacher creating educational content,Lesson planning features make curriculum development easier
ORD-2024-064,Enterprise,188000,Wire Transfer,Buffalo NY,Steel manufacturer monitoring production,Real-time alerts prevent equipment failures
ORD-2024-065,SMB,9100,Bank Transfer,Jersey City NJ,Financial advisor managing client portfolios,Risk analysis tools help protect investments
ORD-2024-066,Individual,1540,PayPal,Chula Vista CA,Personal trainer tracking client progress,Fitness metrics integration motivates clients
ORD-2024-067,Enterprise,156000,Bank Transfer,Orlando FL,Hospital system improving patient care,Electronic health records integration is seamless
ORD-2024-068,SMB,6900,Credit Card,Chandler AZ,Veterinary clinic managing appointments,Pet medical records keep track of treatments
ORD-2024-069,Individual,1230,Credit Card,Laredo TX,Border trade business managing customs,Multilingual support essential for international clients
ORD-2024-070,Enterprise,179000,Wire Transfer,Norfolk VA,Navy contractor with security clearance,Classified information handling meets requirements
ORD-2024-071,SMB,8600,Bank Transfer,Durham NC,Research institute managing grants,Funding tracking helps with budget management
ORD-2024-072,Individual,1670,PayPal,Madison WI,Cheese producer tracking inventory,Cold storage monitoring prevents spoilage
ORD-2024-073,Enterprise,234000,Bank Transfer,Lubbock TX,Wind farm monitoring turbine performance,Predictive maintenance reduces downtime
ORD-2024-074,SMB,7100,Credit Card,Baton Rouge LA,Chemical plant ensuring safety compliance,Hazmat tracking essential for regulatory compliance
ORD-2024-075,Individual,1080,Credit Card,Akron OH,Rubber manufacturer tracking quality,Material testing integration ensures consistency
ORD-2024-076,Enterprise,167000,Wire Transfer,Huntington Beach CA,Surfboard manufacturer managing custom orders,3D modeling integration visualizes designs
ORD-2024-077,SMB,5700,Bank Transfer,Modesto CA,Almond farm tracking harvest data,Weather correlation helps predict yields
ORD-2024-078,Individual,1390,PayPal,Montgomery AL,Civil rights organization managing campaigns,Donor management features track contributions
ORD-2024-079,Enterprise,145000,Bank Transfer,Spokane WA,Aerospace company managing suppliers,Supply chain visibility prevents delays
ORD-2024-080,SMB,8800,Credit Card,Des Moines IA,Insurance company processing claims,Automated workflows speed up claim processing
ORD-2024-081,Individual,910,Credit Card,Little Rock AR,Farmer managing livestock,Animal health tracking improves herd management
ORD-2024-082,Enterprise,198000,Wire Transfer,Augusta GA,Paper mill monitoring environmental impact,Emissions tracking helps meet regulations
ORD-2024-083,SMB,6500,Bank Transfer,Shreveport LA,Oil drilling company tracking equipment,Maintenance scheduling prevents costly failures
ORD-2024-084,Individual,1550,PayPal,Salt Lake City UT,Ski resort managing season passes,Weather integration helps with snow reporting
ORD-2024-085,Enterprise,189000,Bank Transfer,Huntsville AL,Rocket manufacturer ensuring precision,Quality control integration maintains standards
ORD-2024-086,SMB,7400,Credit Card,Grand Rapids MI,Furniture manufacturer tracking orders,Custom configuration options satisfy customers
ORD-2024-087,Individual,1260,Credit Card,Overland Park KS,Landscaper managing client schedules,Seasonal scheduling optimizes work flow
ORD-2024-088,Enterprise,156000,Wire Transfer,Knoxville TN,Nuclear plant monitoring safety,Radiation monitoring integration ensures safety
ORD-2024-089,SMB,8300,Bank Transfer,Tallahassee FL,Government contractor managing projects,Budget tracking helps stay within limits
ORD-2024-090,Individual,1420,PayPal,Worcester MA,Antique dealer managing inventory,Appraisal tracking helps determine values
ORD-2024-091,Enterprise,224000,Bank Transfer,Providence RI,Pharmaceutical company tracking trials,Clinical data management meets FDA requirements
ORD-2024-092,SMB,5900,Credit Card,Chattanooga TN,Logistics company optimizing warehouses,Inventory optimization reduces storage costs
ORD-2024-093,Individual,1170,Credit Card,Sioux Falls SD,Rancher managing cattle operations,Breeding records help improve genetics
ORD-2024-094,Enterprise,178000,Wire Transfer,Charleston SC,Port authority managing cargo,Container tracking improves efficiency
ORD-2024-095,SMB,7600,Bank Transfer,Fargo ND,Grain elevator tracking shipments,Quality testing ensures grade standards
ORD-2024-096,Individual,1330,PayPal,Wilmington DE,Financial services compliance officer,Regulatory reporting features simplify audits
ORD-2024-097,Enterprise,145000,Bank Transfer,Anchorage AK,Fishing company managing fleet,Weather routing helps avoid storms
ORD-2024-098,SMB,8700,Credit Card,Burlington VT,Maple syrup producer tracking production,Seasonal tracking optimizes production timing
ORD-2024-099,Individual,1080,Credit Card,Columbia SC,Wedding planner managing events,Vendor coordination features streamline planning
ORD-2024-100,Enterprise,189000,Wire Transfer,Helena MT,Mining company monitoring safety,Equipment tracking prevents accidents
ORD-2024-101,SMB,6200,Bank Transfer,Pierre SD,Tourism board promoting attractions,Visitor analytics help target marketing
ORD-2024-102,Individual,1450,PayPal,Montpelier VT,Craft brewery managing recipes,Ingredient tracking ensures consistent flavor
ORD-2024-103,Enterprise,167000,Bank Transfer,Concord NH,Ski manufacturer testing materials,Quality assurance integration maintains standards
ORD-2024-104,SMB,7900,Credit Card,Trenton NJ,Pharmaceutical distributor tracking inventory,Expiration date monitoring prevents waste
ORD-2024-105,Individual,1210,Credit Card,Harrisburg PA,Electrician managing service calls,GPS routing optimizes travel time
ORD-2024-106,Enterprise,234000,Wire Transfer,Columbus OH,Automotive parts supplier managing orders,Just-in-time delivery integration reduces inventory
ORD-2024-107,SMB,5800,Bank Transfer,Topeka KS,Agricultural extension office tracking research,Field trial data helps farmers
ORD-2024-108,Individual,1380,PayPal,Frankfort KY,Bourbon distillery managing aging,Barrel tracking ensures proper aging
ORD-2024-109,Enterprise,145000,Bank Transfer,Boise ID,Semiconductor manufacturer monitoring cleanroom,Environmental controls prevent contamination
ORD-2024-110,SMB,8400,Credit Card,Jackson MS,Catfish farm managing ponds,Water quality monitoring ensures fish health
ORD-2024-111,Individual,1090,Credit Card,Jefferson City MO,Winery managing vineyard operations,Harvest timing optimization improves quality
ORD-2024-112,Enterprise,198000,Wire Transfer,Springfield IL,Rail company managing freight,Track monitoring prevents derailments
ORD-2024-113,SMB,6700,Bank Transfer,Indianapolis IN,Race track managing events,Timing systems ensure accurate results
ORD-2024-114,Individual,1530,PayPal,Lansing MI,Auto mechanic managing repairs,Parts inventory tracking reduces wait times
ORD-2024-115,Enterprise,156000,Bank Transfer,Saint Paul MN,Medical device manufacturer ensuring quality,FDA compliance tracking essential for approval
ORD-2024-116,SMB,7300,Credit Card,Bismarck ND,Wind turbine technician managing maintenance,Predictive analytics reduce downtime
ORD-2024-117,Individual,1150,Credit Card,Carson City NV,Gold mining prospector tracking claims,Geological data helps locate deposits
ORD-2024-118,Enterprise,189000,Wire Transfer,Olympia WA,Aerospace supplier managing contracts,Certification tracking ensures compliance
ORD-2024-119,SMB,8200,Bank Transfer,Salem OR,Hazmat disposal company tracking waste,Chain of custody documentation required
ORD-2024-120,Individual,1410,PayPal,Richmond VA,Tobacco farmer managing crop rotation,Soil analysis helps optimize yields
ORD-2024-121,Enterprise,167000,Bank Transfer,Charleston WV,Coal mining company monitoring safety,Methane detection prevents explosions
ORD-2024-122,SMB,6000,Credit Card,Cheyenne WY,Cattle rancher managing grazing,Pasture rotation optimization improves grass
ORD-2024-123,Individual,1290,Credit Card,Juneau AK,Fishing charter managing bookings,Weather forecasting helps plan trips
ORD-2024-124,Enterprise,234000,Wire Transfer,Phoenix AZ,Solar panel manufacturer tracking efficiency,Performance monitoring validates warranties
ORD-2024-125,SMB,7800,Bank Transfer,Little Rock AR,Rice farmer managing irrigation,Water usage optimization conserves resources
ORD-2024-126,Individual,1180,PayPal,Sacramento CA,Almond processor tracking quality,Moisture content monitoring prevents spoilage
ORD-2024-127,Enterprise,145000,Bank Transfer,Hartford CT,Insurance company managing claims,Fraud detection algorithms reduce losses
ORD-2024-128,SMB,8900,Credit Card,Dover DE,Chicken processing plant ensuring safety,Temperature monitoring prevents contamination
ORD-2024-129,Individual,1350,Credit Card,Tallahassee FL,Citrus grower managing harvest,Ripeness tracking optimizes picking timing
ORD-2024-130,Enterprise,178000,Wire Transfer,Atlanta GA,Airline managing maintenance,Parts tracking ensures flight safety
ORD-2024-131,SMB,6400,Bank Transfer,Honolulu HI,Pineapple plantation managing exports,Container tracking ensures freshness
ORD-2024-132,Individual,1480,PayPal,Boise ID,Potato farmer managing storage,Temperature control prevents sprouting
ORD-2024-133,Enterprise,189000,Bank Transfer,Springfield IL,Pharmaceutical company tracking distribution,Cold chain monitoring ensures efficacy
ORD-2024-134,SMB,7100,Credit Card,Indianapolis IN,Grain elevator managing quality,Moisture testing ensures grade standards
ORD-2024-135,Individual,1120,Credit Card,Des Moines IA,Corn farmer managing yields,Satellite imagery helps optimize planting
ORD-2024-136,Enterprise,156000,Wire Transfer,Topeka KS,Wheat processor tracking shipments,Protein content analysis ensures quality
ORD-2024-137,SMB,8500,Bank Transfer,Frankfort KY,Bourbon warehouse managing inventory,Aging process tracking ensures quality
ORD-2024-138,Individual,1390,PayPal,Baton Rouge LA,Sugarcane farmer managing harvest,Sugar content testing optimizes processing
ORD-2024-139,Enterprise,167000,Bank Transfer,Augusta ME,Lobster processor managing exports,Freshness tracking ensures quality
ORD-2024-140,SMB,6800,Credit Card,Annapolis MD,Crab fishing operation managing boats,Weather routing ensures crew safety
ORD-2024-141,Individual,1250,Credit Card,Boston MA,Cranberry grower managing bogs,Water level monitoring optimizes growing
ORD-2024-142,Enterprise,234000,Wire Transfer,Lansing MI,Automotive manufacturer tracking recalls,Quality control integration prevents defects
ORD-2024-143,SMB,7600,Bank Transfer,Saint Paul MN,Dairy farm managing milk production,Cow health monitoring improves yields
ORD-2024-144,Individual,1170,PayPal,Jackson MS,Catfish processor managing quality,Water temperature tracking ensures health
ORD-2024-145,Enterprise,145000,Bank Transfer,Jefferson City MO,Aerospace company managing suppliers,Certification tracking ensures compliance
ORD-2024-146,SMB,8300,Credit Card,Helena MT,Copper mine managing extraction,Ore grade analysis optimizes processing
ORD-2024-147,Individual,1430,Credit Card,Lincoln NE,Beef processor managing inventory,Temperature monitoring prevents spoilage
ORD-2024-148,Enterprise,189000,Wire Transfer,Carson City NV,Lithium mine managing production,Battery grade specifications ensure quality
ORD-2024-149,SMB,6600,Bank Transfer,Concord NH,Maple syrup producer tracking seasons,Sap flow monitoring optimizes collection
ORD-2024-150,Individual,1310,PayPal,Trenton NJ,Blueberry farm managing harvest,Ripeness detection optimizes picking
ORD-2024-151,Enterprise,178000,Bank Transfer,Santa Fe NM,Semiconductor fab managing cleanroom,Particle monitoring prevents contamination
ORD-2024-152,SMB,7400,Credit Card,Albany NY,Wine producer managing fermentation,Temperature control ensures proper aging
ORD-2024-153,Individual,1090,Credit Card,Raleigh NC,Tobacco processor managing curing,Humidity control prevents mold
ORD-2024-154,Enterprise,156000,Wire Transfer,Bismarck ND,Oil refinery monitoring processes,Safety systems prevent accidents
ORD-2024-155,SMB,8100,Bank Transfer,Columbus OH,Steel mill managing production,Quality control ensures strength standards
ORD-2024-156,Individual,1540,PayPal,Oklahoma City OK,Cattle rancher managing breeding,Genetic tracking improves herd quality
ORD-2024-157,Enterprise,167000,Bank Transfer,Salem OR,Timber company managing harvests,Sustainability tracking ensures replanting
ORD-2024-158,SMB,6300,Credit Card,Harrisburg PA,Mushroom farm managing growing,Climate control optimizes production
ORD-2024-159,Individual,1220,Credit Card,Providence RI,Seafood processor managing freshness,Temperature monitoring prevents spoilage
ORD-2024-160,Enterprise,234000,Wire Transfer,Pierre SD,Wind farm managing turbines,Performance monitoring maximizes output
ORD-2024-161,SMB,7700,Bank Transfer,Nashville TN,Whiskey distillery managing aging,Barrel rotation ensures consistent flavor
ORD-2024-162,Individual,1380,PayPal,Austin TX,Honey producer managing hives,Bee health monitoring prevents colony collapse
ORD-2024-163,Enterprise,145000,Bank Transfer,Salt Lake City UT,Copper smelter managing emissions,Environmental monitoring ensures compliance
ORD-2024-164,SMB,8600,Credit Card,Montpelier VT,Cheese producer managing aging,Humidity control prevents spoilage
ORD-2024-165,Individual,1160,Credit Card,Richmond VA,Peanut processor managing quality,Aflatoxin testing prevents contamination
ORD-2024-166,Enterprise,189000,Wire Transfer,Olympia WA,Aluminum smelter managing energy,Power usage optimization reduces costs
ORD-2024-167,SMB,6900,Bank Transfer,Charleston WV,Natural gas company managing pipelines,Pressure monitoring prevents leaks
ORD-2024-168,Individual,1470,PayPal,Madison WI,Dairy processor managing quality,Pasteurization monitoring ensures safety
ORD-2024-169,Enterprise,178000,Bank Transfer,Cheyenne WY,Uranium mine managing safety,Radiation monitoring protects workers
ORD-2024-170,SMB,7200,Credit Card,Montgomery AL,Cotton gin managing processing,Fiber quality testing ensures grade
ORD-2024-171,Individual,1130,Credit Card,Juneau AK,Salmon processor managing seasons,Run timing data optimizes processing
ORD-2024-172,Enterprise,156000,Wire Transfer,Little Rock AR,Bauxite mine managing extraction,Ore quality analysis optimizes processing
ORD-2024-173,SMB,8800,Bank Transfer,Phoenix AZ,Citrus processor managing juice,Vitamin C content testing ensures nutrition
ORD-2024-174,Individual,1350,PayPal,Sacramento CA,Almond hulling operation managing waste,Biomass tracking optimizes energy use
ORD-2024-175,Enterprise,167000,Bank Transfer,Denver CO,Aerospace parts manufacturer managing quality,Precision measurement ensures specifications
ORD-2024-176,SMB,6500,Credit Card,Hartford CT,Helicopter maintenance managing parts,Inventory tracking prevents groundings
ORD-2024-177,Individual,1280,Credit Card,Dover DE,Soybean processor managing oil,Extraction efficiency monitoring maximizes yield
ORD-2024-178,Enterprise,234000,Wire Transfer,Tallahassee FL,Space launch company managing missions,Weather monitoring ensures launch safety
ORD-2024-179,SMB,7500,Bank Transfer,Atlanta GA,Peach processor managing seasonal,Ripeness detection optimizes processing
ORD-2024-180,Individual,1410,PayPal,Boise ID,Hop grower managing harvest,Alpha acid testing ensures brewing quality
ORD-2024-181,Enterprise,145000,Bank Transfer,Springfield IL,Corn processor managing ethanol,Fermentation monitoring optimizes production
ORD-2024-182,SMB,8200,Credit Card,Indianapolis IN,Limestone quarry managing extraction,Aggregate quality testing ensures construction standards
ORD-2024-183,Individual,1190,Credit Card,Des Moines IA,Pig farmer managing health,Vaccination tracking prevents disease
ORD-2024-184,Enterprise,189000,Wire Transfer,Topeka KS,Flour mill managing processing,Protein content analysis ensures baking quality
ORD-2024-185,SMB,6700,Bank Transfer,Frankfort KY,Coal preparation plant managing quality,Ash content analysis ensures power plant specs
ORD-2024-186,Individual,1520,PayPal,Baton Rouge LA,Crawfish farm managing ponds,Water quality monitoring ensures survival
ORD-2024-187,Enterprise,178000,Bank Transfer,Augusta ME,Paper mill managing fiber,Consistency monitoring ensures paper quality
ORD-2024-188,SMB,7300,Credit Card,Annapolis MD,Oyster farm managing harvest,Salinity monitoring optimizes growing
ORD-2024-189,Individual,1070,Credit Card,Boston MA,Scallop processor managing freshness,Shucking efficiency tracking maximizes yield
ORD-2024-190,Enterprise,156000,Wire Transfer,Lansing MI,Tire manufacturer managing compounds,Durability testing ensures safety standards
ORD-2024-191,SMB,8400,Bank Transfer,Saint Paul MN,Ethanol plant managing production,Distillation monitoring optimizes purity
ORD-2024-192,Individual,1330,PayPal,Jackson MS,Aquaculture farm managing fish,Feed conversion tracking optimizes growth
ORD-2024-193,Enterprise,167000,Bank Transfer,Jefferson City MO,Lead smelter managing emissions,Environmental monitoring ensures compliance
ORD-2024-194,SMB,6800,Credit Card,Helena MT,Talc mine managing processing,Particle size analysis ensures cosmetic grade
ORD-2024-195,Individual,1450,Credit Card,Lincoln NE,Sunflower processor managing oil,Extraction temperature monitoring optimizes quality
ORD-2024-196,Enterprise,234000,Wire Transfer,Carson City NV,Geothermal plant managing energy,Steam pressure monitoring optimizes output
ORD-2024-197,SMB,7600,Bank Transfer,Concord NH,Granite quarry managing extraction,Compressive strength testing ensures construction grade
ORD-2024-198,Individual,1240,PayPal,Trenton NJ,Herb processor managing drying,Moisture content monitoring prevents mold
ORD-2024-199,Enterprise,145000,Bank Transfer,Santa Fe NM,Rare earth mine managing separation,Purity analysis ensures electronics grade
ORD-2024-200,SMB,8700,Credit Card,Albany NY,Cement plant managing production,Chemical composition monitoring ensures strength standards
